step,loss,l2_loss,loss_g0,loss_g1,loss_g2,contrastive_loss,auxk_loss
0,1847.6346435546875,1836.868896484375,28.740795135498047,159.48789978027344,134.7434844970703,107.65739440917969,0.0
200,1880.867431640625,1871.55224609375,31.37636375427246,134.2674102783203,113.81260681152344,93.1521224975586,0.0
400,1778.03955078125,1769.9984130859375,35.71282958984375,113.9293441772461,91.59231567382812,80.4114990234375,0.0
600,1565.985595703125,1557.67822265625,89.46495056152344,94.97808074951172,64.77804565429688,83.07369232177734,0.0
800,1287.078369140625,1276.8515625,180.44447326660156,78.25385284423828,48.10712814331055,102.26848602294922,0.0
1000,1262.3759765625,1254.481689453125,132.17123413085938,65.17347717285156,39.48212432861328,78.9422836303711,0.0
1200,1127.207275390625,1120.865234375,107.44111633300781,49.157081604003906,33.66143035888672,63.419883728027344,0.0
1400,1004.2642211914062,994.870361328125,208.6768798828125,50.23278045654297,22.90692710876465,93.9388656616211,0.0
1600,987.9061889648438,981.8533325195312,116.47012329101562,44.7186164855957,20.39719581604004,60.528648376464844,0.0
1800,960.7494506835938,952.4091186523438,186.70413208007812,41.01131057739258,22.49416160583496,83.4031982421875,0.0
2000,967.8616333007812,961.8800048828125,128.23126220703125,36.307308197021484,14.910255432128906,59.81627655029297,0.0
2200,837.9864501953125,830.3233032226562,176.81405639648438,37.75189971923828,15.327693939208984,76.63121795654297,0.0
2400,825.3253173828125,815.2362060546875,253.8892822265625,35.64924621582031,13.134928703308105,100.89114379882812,0.0
2600,800.022705078125,793.630859375,145.8040313720703,33.3228645324707,12.628111839294434,63.9183349609375,0.0
2800,789.8329467773438,784.7215576171875,109.08607482910156,32.359745025634766,11.89526081085205,51.11369323730469,0.0
3000,779.2177124023438,773.6415405273438,127.17379760742188,30.2641544342041,9.848097801208496,55.762020111083984,0.0
3200,753.9117431640625,744.169189453125,249.76834106445312,30.52964973449707,11.979507446289062,97.42584228515625,0.0
3400,734.8509521484375,727.4949951171875,173.56893920898438,37.081939697265625,10.027153968811035,73.5593490600586,0.0
3600,735.2291259765625,729.1978759765625,145.9662628173828,24.53144645690918,10.440364837646484,60.31269454956055,0.0
3800,771.1773071289062,763.1708984375,206.05484008789062,23.74496078491211,10.392901420593262,80.06423950195312,0.0
4000,661.9641723632812,655.079345703125,175.2523956298828,22.447416305541992,8.845239639282227,68.84835815429688,0.0
4200,715.7186279296875,710.5525512695312,110.26284790039062,33.963218688964844,10.756889343261719,51.66099166870117,0.0
4400,599.5220947265625,592.609375,171.21766662597656,27.99918556213379,8.165437698364258,69.12743377685547,0.0
4600,680.5079956054688,673.3639526367188,181.69131469726562,23.820392608642578,8.808807373046875,71.44017028808594,0.0
4800,720.7587280273438,713.8553466796875,159.2794647216797,35.73231887817383,12.090093612670898,69.0339584350586,0.0
5000,607.4443359375,601.7576904296875,130.96641540527344,31.449134826660156,8.183067321777344,56.8662109375,0.0
5200,608.66748046875,602.1112670898438,159.13735961914062,27.749664306640625,9.799839973449707,65.56228637695312,0.0
5400,602.9500732421875,596.4296264648438,160.54397583007812,26.735380172729492,8.333425521850586,65.20426177978516,0.0
5600,579.8760375976562,573.3446655273438,157.33328247070312,29.05598258972168,9.551631927490234,65.31363677978516,0.0
5800,565.4422607421875,557.5537109375,195.48464965820312,28.676042556762695,12.496700286865234,78.88580322265625,0.0
6000,625.2124633789062,618.981201171875,147.286865234375,31.35593032836914,8.29568099975586,62.312828063964844,0.0
6200,586.1271362304688,579.2136840820312,172.93701171875,26.255203247070312,8.211865425109863,69.13469696044922,0.0
6400,611.3427124023438,605.0009765625,152.68283081054688,27.198514938354492,10.370691299438477,63.41735076904297,0.0
6600,610.1731567382812,602.3624877929688,193.4754638671875,33.11103820800781,7.734342575073242,78.10694885253906,0.0
6800,604.0521240234375,597.7178344726562,149.05458068847656,32.0826301574707,8.891955375671387,63.343055725097656,0.0
7000,648.4207763671875,642.7647705078125,123.91697692871094,36.133174896240234,9.630047798156738,56.5600700378418,0.0
7200,578.3591918945312,570.3306274414062,203.3380889892578,29.495800018310547,8.023499488830566,80.28579711914062,0.0
7400,604.504638671875,599.0372924804688,128.48223876953125,27.29630470275879,8.241375923156738,54.673309326171875,0.0
7600,580.9825439453125,574.4797973632812,156.23956298828125,29.748762130737305,9.094197273254395,65.02751159667969,0.0
7800,560.5596313476562,551.1436767578125,244.24118041992188,29.169843673706055,9.068270683288574,94.15975952148438,0.0
8000,630.3445434570312,623.1920776367188,176.20458984375,29.685123443603516,8.683472633361816,71.52439880371094,0.0
8200,560.3999633789062,554.8310546875,129.59742736816406,27.565536499023438,9.904616355895996,55.68919372558594,0.0
8400,642.4242553710938,636.0167846679688,150.50601196289062,33.59776306152344,8.12067985534668,64.07482147216797,0.0
8600,578.85546875,572.281005859375,165.32318115234375,24.03700065612793,7.874319076538086,65.74483489990234,0.0
8800,631.4476928710938,625.6126708984375,119.61649322509766,45.325958251953125,10.108583450317383,58.350341796875,0.0
9000,538.9048461914062,530.9146118164062,196.58029174804688,35.090328216552734,8.035849571228027,79.90216064453125,0.0
9200,553.544921875,548.4524536132812,108.08448791503906,34.95771408081055,9.732068061828613,50.92475891113281,0.0
9400,561.1378784179688,555.5847778320312,123.16459655761719,34.36959457397461,9.059182167053223,55.5311279296875,0.0
9600,496.68414306640625,492.238525390625,96.980712890625,27.92456817626953,8.462884902954102,44.4560546875,0.0
9800,502.38323974609375,494.1817321777344,213.53134155273438,24.64750862121582,7.866703510284424,82.01518249511719,0.0
10000,502.0963439941406,496.8493957519531,120.11770629882812,28.738679885864258,8.551678657531738,52.469356536865234,0.0
10200,583.3316040039062,577.201416015625,140.21771240234375,32.55537796020508,11.133201599121094,61.302093505859375,0.0
10400,559.5681762695312,554.0528564453125,130.1669158935547,25.756383895874023,9.536203384399414,55.153167724609375,0.0
10600,571.8233032226562,566.853515625,107.07438659667969,31.319974899291992,10.699896812438965,49.69808578491211,0.0
10800,510.3164367675781,504.159912109375,148.7927703857422,27.199790954589844,8.703605651855469,61.565391540527344,0.0
11000,516.9075927734375,509.4055480957031,180.83334350585938,33.9731559753418,10.254575729370117,75.0203628540039,0.0
11200,563.8786010742188,557.29833984375,150.73703002929688,37.72524642944336,8.945390701293945,65.80255889892578,0.0
11400,559.6392822265625,553.1163940429688,150.83676147460938,35.759132385253906,9.09055233001709,65.22881317138672,0.0
11600,532.3323364257812,525.5411376953125,165.85987854003906,28.938457489013672,8.937009811401367,67.91178894042969,0.0
11800,549.46728515625,543.6463012695312,133.85755920410156,30.278553009033203,10.494239807128906,58.210113525390625,0.0
12000,587.5401611328125,581.737060546875,130.54449462890625,32.862281799316406,10.687028884887695,58.03126525878906,0.0
12200,504.88372802734375,499.04718017578125,131.86639404296875,34.28966522216797,8.940150260925293,58.36540985107422,0.0
12400,513.0624389648438,506.9300231933594,139.45372009277344,34.95793151855469,9.561629295349121,61.32442855834961,0.0
12600,504.6441650390625,498.8628845214844,135.95509338378906,28.223575592041016,9.259604454040527,57.8127555847168,0.0
12800,493.21990966796875,486.31060791015625,167.19070434570312,31.213470458984375,8.875104904174805,69.09309387207031,0.0
13000,569.248046875,563.3438110351562,132.047119140625,35.59755325317383,9.481738090515137,59.042137145996094,0.0
13200,535.4359741210938,530.8408203125,92.67230224609375,36.484989166259766,8.69816780090332,45.951820373535156,0.0
13400,490.3294372558594,485.285400390625,109.09982299804688,30.738189697265625,11.482656478881836,50.440223693847656,0.0
13600,545.5621337890625,540.8889770507812,90.86079406738281,39.70698547363281,9.626018524169922,46.73126983642578,0.0
13800,562.8722534179688,557.4751586914062,120.18832397460938,32.92507553100586,8.799521446228027,53.97097396850586,0.0
14000,509.2169494628906,503.9166564941406,115.41564178466797,33.75208282470703,9.8412446975708,53.00299072265625,0.0
14200,508.26666259765625,502.80535888671875,124.72061920166016,30.35579490661621,8.762673377990723,54.613033294677734,0.0
14400,521.5521850585938,516.2890625,119.40861511230469,29.483356475830078,9.002180099487305,52.631385803222656,0.0
14600,519.0474853515625,513.252685546875,133.0194549560547,32.06296157836914,8.761923789978027,57.94811248779297,0.0
14800,496.390380859375,491.2672119140625,111.04336547851562,33.06891632080078,9.58265495300293,51.23164367675781,0.0
15000,508.59893798828125,503.80975341796875,104.40919494628906,30.672225952148438,8.593833923339844,47.891754150390625,0.0
15200,492.5095520019531,485.07684326171875,180.96444702148438,33.21015548706055,8.806922912597656,74.32717895507812,0.0
15400,566.183349609375,559.7147827148438,145.71925354003906,38.364559173583984,9.97244930267334,64.6854248046875,0.0
15600,527.5672607421875,522.7291870117188,102.68376922607422,30.154388427734375,12.304153442382812,48.380775451660156,0.0
15800,510.27117919921875,502.95263671875,176.8700714111328,32.78293228149414,9.903024673461914,73.18534851074219,0.0
16000,545.0380249023438,537.6973266601562,175.34898376464844,34.54535675048828,10.32638168334961,73.40691375732422,0.0
16200,535.178466796875,528.8131103515625,144.78787231445312,36.39141845703125,9.7808198928833,63.65337371826172,0.0
16400,481.81829833984375,474.4854736328125,178.26039123535156,31.191545486450195,10.533041954040527,73.32832336425781,0.0
16600,487.329345703125,481.29486083984375,139.1978759765625,31.522672653198242,10.313614845275879,60.344722747802734,0.0
16800,542.2096557617188,536.80810546875,109.97352600097656,41.71558380126953,10.357407569885254,54.01551055908203,0.0
17000,500.11932373046875,494.10589599609375,138.1915283203125,32.942073822021484,9.268871307373047,60.13416290283203,0.0
17200,510.9256591796875,504.7410888671875,140.80865478515625,33.72355270385742,11.004899978637695,61.845703125,0.0
17400,534.58154296875,529.6796875,100.83967590332031,34.03608322143555,12.17983341217041,49.01853561401367,0.0
17600,500.8871154785156,495.61541748046875,112.88697052001953,35.906166076660156,9.358137130737305,52.71709442138672,0.0
17800,490.168701171875,483.51214599609375,158.45602416992188,31.661191940307617,9.579473495483398,66.56556701660156,0.0
18000,488.5173034667969,483.04876708984375,117.23176574707031,36.40205383300781,10.422303199768066,54.68537521362305,0.0
18200,494.7810363769531,488.76971435546875,140.7325439453125,28.690143585205078,10.917346954345703,60.11334228515625,0.0
18400,526.4577026367188,518.3452758789062,193.659423828125,36.59113693237305,13.121712684631348,81.12409973144531,0.0
18600,469.3855895996094,461.252685546875,190.34521484375,42.56386184692383,11.078100204467773,81.32905578613281,0.0
18800,509.22772216796875,502.9024353027344,148.66888427734375,30.612628936767578,10.47680377960205,63.25277328491211,0.0
19000,531.9462280273438,523.8224487304688,193.54913330078125,39.887569427490234,10.277149200439453,81.23795318603516,0.0
19200,477.38690185546875,470.21844482421875,174.33053588867188,30.222442626953125,10.501032829284668,71.68467712402344,0.0
19400,517.355712890625,511.9236755371094,107.83447265625,44.26936721801758,10.85749340057373,54.3204460144043,0.0
19600,471.7420959472656,465.39306640625,151.4827880859375,28.172182083129883,10.815654754638672,63.490211486816406,0.0
19800,500.1249084472656,494.51507568359375,125.81058502197266,32.45833206176758,10.025713920593262,56.09821319580078,0.0
20000,500.6601867675781,495.3256530761719,117.34652709960938,32.59710693359375,10.092201232910156,53.34527587890625,0.0
20200,546.8648071289062,541.8798217773438,105.1143798828125,34.596595764160156,9.838698387145996,49.849891662597656,0.0
20400,494.0224304199219,489.5750732421875,91.54277038574219,32.357181549072266,9.520946502685547,44.4736328125,0.0
20600,510.7739562988281,503.6904296875,167.7392578125,33.87913131713867,10.887426376342773,70.83527374267578,0.0
20800,455.0882568359375,448.6686706542969,145.53976440429688,36.27888870239258,10.769326210021973,64.19599914550781,0.0
21000,501.05316162109375,496.6046142578125,92.27841186523438,31.645296096801758,9.532463073730469,44.48539352416992,0.0
21200,485.5191650390625,479.64886474609375,139.1865234375,27.6246280670166,9.298113822937012,58.70309066772461,0.0
21400,509.5549011230469,504.5791320800781,108.29335021972656,31.35201644897461,9.628132820129395,49.757835388183594,0.0
21600,532.9575805664062,526.9991455078125,126.63673400878906,40.424293518066406,11.692914962768555,59.584651947021484,0.0
21800,477.0285339355469,473.68878173828125,57.527427673339844,33.68751525878906,8.977317810058594,33.397422790527344,0.0
22000,462.1761474609375,456.2552490234375,132.79824829101562,32.393680572509766,12.435215950012207,59.20904541015625,0.0
22200,472.5068054199219,467.84820556640625,91.7464599609375,34.44395065307617,13.568005561828613,46.586143493652344,0.0
22400,511.2835693359375,504.5966796875,151.663330078125,39.031673431396484,9.912110328674316,66.8690414428711,0.0
22600,510.94732666015625,504.2261962890625,160.00897216796875,31.82638931274414,9.79833984375,67.21123504638672,0.0
22800,496.8212890625,492.2170715332031,83.23567199707031,42.43037796020508,12.460171699523926,46.042076110839844,0.0
23000,511.80462646484375,506.11334228515625,123.64413452148438,35.66636657714844,11.427807807922363,56.91277313232422,0.0
23200,496.6378479003906,490.3400573730469,140.92117309570312,32.12151336669922,15.890738487243652,62.97780990600586,0.0
23400,487.605712890625,481.6962585449219,130.900634765625,36.91453552246094,9.468481063842773,59.09455108642578,0.0
23600,487.6089782714844,482.1373291015625,116.63966369628906,38.17267990112305,9.337162971496582,54.71650314331055,0.0
23800,514.9365844726562,509.02191162109375,136.81170654296875,31.571069717407227,9.057680130004883,59.146820068359375,0.0
24000,548.2625732421875,542.1553344726562,125.63084411621094,46.4844970703125,11.102023124694824,61.07245635986328,0.0
24200,494.6455993652344,489.094970703125,115.54824829101562,39.464107513427734,11.506072044372559,55.50614547729492,0.0
24400,461.9649963378906,454.03497314453125,188.54794311523438,39.44066619873047,9.91171932220459,79.30010986328125,0.0
24600,460.7962951660156,456.1614685058594,96.06210327148438,32.66096878051758,10.321853637695312,46.34830856323242,0.0
24800,463.0773010253906,457.23944091796875,122.51382446289062,39.770668029785156,12.850968360900879,58.37848663330078,0.0
25000,478.04217529296875,472.1438293457031,131.63133239746094,34.83107376098633,10.48819351196289,58.9835319519043,0.0
25200,453.7679748535156,447.89227294921875,127.14749145507812,37.711997985839844,11.411770820617676,58.7570915222168,0.0
25400,470.1795349121094,465.2326354980469,101.18856048583984,37.395755767822266,9.822908401489258,49.469078063964844,0.0
25600,481.602783203125,472.4541015625,226.5150604248047,36.41899108886719,11.526047706604004,91.48670959472656,0.0
25800,522.2528076171875,516.3016357421875,129.61819458007812,38.203453063964844,10.712672233581543,59.511444091796875,0.0
26000,455.10430908203125,449.9112854003906,111.86759948730469,33.485633850097656,10.437494277954102,51.93024826049805,0.0
26200,484.77069091796875,479.5240173339844,104.52745056152344,42.68044662475586,10.192604064941406,52.46683883666992,0.0
26400,502.70751953125,498.3212890625,73.03868103027344,47.24285888671875,11.305021286010742,43.86219024658203,0.0
26600,534.7889404296875,529.00439453125,130.19113159179688,30.718639373779297,12.627108573913574,57.84562683105469,0.0
26800,501.5722351074219,496.54388427734375,102.09756469726562,37.04955291748047,11.703093528747559,50.283409118652344,0.0
27000,460.3692932128906,455.5999450683594,98.37326049804688,31.095102310180664,13.61237907409668,47.69358444213867,0.0
27200,435.0225830078125,429.408203125,124.27728271484375,32.79008483886719,11.364336967468262,56.14390182495117,0.0
27400,434.72320556640625,428.4154052734375,135.76315307617188,41.282649993896484,12.188132286071777,63.077980041503906,0.0
27600,497.768310546875,490.81060791015625,166.9638671875,30.279935836791992,11.487037658691406,69.57695007324219,0.0
27800,512.1105346679688,505.3810729980469,150.10382080078125,38.46580505371094,13.313984870910645,67.29454040527344,0.0
28000,466.81097412109375,461.3368835449219,118.35806274414062,33.34876251220703,12.516227722167969,54.74102020263672,0.0
28200,473.3235168457031,466.57366943359375,152.3402557373047,40.436912536621094,9.717880249023438,67.49835205078125,0.0
28400,498.84930419921875,492.16754150390625,160.02896118164062,29.22747230529785,11.19600772857666,66.81748962402344,0.0
28600,448.08905029296875,444.27197265625,66.84141540527344,36.096866607666016,11.574437141418457,38.17090606689453,0.0
28800,481.213134765625,473.42889404296875,179.32705688476562,40.18203353881836,14.018233299255371,77.84244537353516,0.0
29000,457.2669677734375,450.7274169921875,153.79901123046875,31.714847564697266,10.672694206237793,65.39552307128906,0.0
29200,468.8002624511719,462.1229248046875,155.80654907226562,33.8869743347168,10.62653636932373,66.77336120605469,0.0
29400,482.9451599121094,474.78057861328125,201.26995849609375,30.8369197845459,12.830784797668457,81.64588928222656,0.0
29600,441.0386962890625,433.85552978515625,171.44908142089844,33.15688705444336,10.889440536499023,71.83180236816406,0.0
29800,467.12298583984375,460.89886474609375,138.02609252929688,36.46220016479492,11.281455039978027,61.923248291015625,1.017902135848999
30000,475.8920593261719,468.2900695800781,185.6890869140625,31.60569953918457,10.765249252319336,76.02001190185547,0.0
30200,473.2195129394531,469.24859619140625,79.40802001953125,27.89965057373047,11.819666862487793,39.70911407470703,0.0
30400,489.6649475097656,483.5687255859375,136.89773559570312,35.55251693725586,10.436416625976562,60.96222686767578,0.0
30600,484.27386474609375,479.55078125,83.91707611083984,38.89162063598633,17.924789428710938,46.911163330078125,1.022504448890686
30800,549.5324096679688,544.2467041015625,99.1983413696289,46.77332305908203,12.59896183013916,52.85688018798828,0.0
31000,459.242431640625,454.692626953125,92.63279724121094,33.7631950378418,9.144448280334473,45.180152893066406,1.0174083709716797
31200,514.4164428710938,509.8874206542969,85.91380310058594,37.015201568603516,11.981821060180664,44.97027587890625,1.0235564708709717
31400,456.680419921875,451.44012451171875,112.83302307128906,33.332828521728516,10.08710765838623,52.084320068359375,1.0196254253387451
31600,476.38446044921875,469.7654113769531,155.4796142578125,32.087188720703125,11.005036354064941,66.19061279296875,0.0
31800,473.6697692871094,468.2903747558594,104.22438049316406,41.74772644042969,14.45742416381836,53.47651290893555,1.01569664478302
32000,480.1728210449219,473.1207580566406,155.30238342285156,42.34503173828125,12.959979057312012,70.20246887207031,1.018709659576416
32200,509.3763732910156,503.8747863769531,113.31062316894531,40.59474182128906,11.142450332641602,55.01594161987305,0.0
32400,516.3729248046875,510.37237548828125,134.0778350830078,33.90010452270508,11.084568977355957,59.6875,1.0177656412124634
32600,528.6862182617188,520.2628784179688,208.73760986328125,33.65873336791992,9.347962379455566,83.9147720336914,1.0201884508132935
32800,436.8585510253906,432.1488037109375,85.42335510253906,44.101070404052734,10.813525199890137,46.779319763183594,1.0183433294296265
33000,485.24346923828125,479.56121826171875,120.72438049316406,35.17595672607422,13.61089038848877,56.50373840332031,1.0201807022094727
33200,474.4869079589844,469.61749267578125,103.5978012084961,31.973093032836914,9.5567045211792,48.3758659362793,1.0184879302978516
33400,448.4943542480469,444.1087646484375,91.61236572265625,31.245494842529297,8.710225105285645,43.85602951049805,0.0
33600,556.554931640625,550.6939697265625,115.07661437988281,47.43446350097656,12.360859870910645,58.290645599365234,1.0218243598937988
33800,459.6048889160156,453.45758056640625,135.406982421875,37.707462310791016,10.35087776184082,61.15510559082031,1.0176302194595337
34000,487.8155822753906,481.97503662109375,129.17953491210938,32.76944351196289,12.314778327941895,58.08791732788086,1.0166656970977783
34200,481.7822570800781,476.26922607421875,123.55399322509766,28.9020938873291,11.979700088500977,54.81193161010742,1.0188004970550537
34400,451.9378662109375,444.9039001464844,160.38336181640625,37.69080352783203,11.989356994628906,70.02117156982422,1.0192104578018188
34600,455.1522521972656,449.3169860839844,130.67015075683594,33.004966735839844,10.428672790527344,58.03459930419922,1.0173873901367188
34800,447.9350891113281,441.29254150390625,157.52041625976562,30.974510192871094,9.826745986938477,66.10723114013672,1.0188812017440796
35000,474.4495849609375,469.215087890625,103.47154235839844,39.80350875854492,12.804971694946289,52.02667999267578,1.0185471773147583
35200,509.7008056640625,504.776611328125,100.56341552734375,34.9796028137207,11.227374076843262,48.9234619140625,1.0199511051177979
35400,456.875244140625,451.46771240234375,120.94552612304688,29.619112014770508,10.707762718200684,53.757469177246094,1.0172669887542725
35600,434.83489990234375,428.77349853515625,140.58168029785156,30.8909969329834,9.416767120361328,60.296478271484375,1.0158631801605225
35800,456.9764404296875,450.71441650390625,138.17788696289062,39.509281158447266,9.219223976135254,62.30213165283203,1.0170965194702148
36000,503.5487976074219,497.18206787109375,137.90814208984375,38.66865921020508,13.470458030700684,63.34908676147461,1.018691062927246
36200,478.3221130371094,472.5290832519531,125.76057434082031,33.49294662475586,13.581185340881348,57.611572265625,1.019859790802002
36400,468.9277038574219,462.83740234375,135.61685180664062,35.67677688598633,10.463052749633789,60.58556365966797,1.0161091089248657
36600,469.7132568359375,464.2611083984375,104.73092651367188,41.746036529541016,16.135269165039062,54.204078674316406,1.0156586170196533
36800,470.3017883300781,463.4518737792969,158.019775390625,35.744747161865234,10.778755187988281,68.18109130859375,1.0176372528076172
37000,473.6803894042969,468.9407958984375,92.90499114990234,37.55356216430664,10.77743911743164,47.07866668701172,1.0156053304672241
37200,496.57672119140625,491.83184814453125,99.30305480957031,32.96855545043945,9.117195129394531,47.129600524902344,1.0213929414749146
37400,447.0350036621094,442.1295166015625,107.07777404785156,30.438152313232422,8.693653106689453,48.73652648925781,1.0183137655258179
37600,512.2637939453125,506.8974914550781,117.659423828125,29.68730926513672,12.68702220916748,53.34458923339844,1.0186223983764648
37800,496.4053039550781,490.56951904296875,112.90293884277344,46.35722351074219,14.855856895446777,58.038673400878906,1.0209969282150269
38000,433.53277587890625,426.27313232421875,176.2049560546875,28.870447158813477,11.762511253356934,72.27931213378906,1.0146939754486084
38200,491.9833984375,486.0976257324219,135.00914001464844,29.25412940979004,11.354634284973145,58.539302825927734,1.018229603767395
38400,460.7341613769531,455.8507080078125,97.2572250366211,35.66728210449219,12.622492790222168,48.51566696166992,1.0206843614578247
38600,499.1983642578125,493.65435791015625,107.5218276977539,44.913902282714844,12.925747871398926,55.1204948425293,1.0224946737289429
38800,488.10003662109375,480.61199951171875,165.93820190429688,45.85404586791992,11.893199920654297,74.56182098388672,1.0192347764968872
39000,534.6421508789062,530.0994873046875,84.01371765136719,38.79951095581055,12.509051322937012,45.10742950439453,1.0224361419677734
39200,517.66650390625,511.76824951171875,124.15980529785156,42.34108352661133,9.489002227783203,58.66329574584961,1.0209978818893433
39400,501.4395751953125,494.4073486328125,153.96148681640625,46.458091735839844,9.589576721191406,70.0030517578125,1.0214693546295166
39600,535.9412841796875,528.954345703125,153.19573974609375,40.37919235229492,15.075235366821289,69.55006408691406,1.0221905708312988
39800,417.9145202636719,412.1412353515625,130.78067016601562,30.560871124267578,10.902934074401855,57.414825439453125,1.017850399017334
40000,496.2615966796875,492.0390319824219,76.77462768554688,36.327762603759766,12.615716934204102,41.906036376953125,1.022017002105713
40200,500.3250732421875,494.3585205078125,129.37026977539062,36.936073303222656,11.7347412109375,59.34702682495117,1.019585371017456
40400,477.5181579589844,470.9675598144531,155.8205108642578,29.97541618347168,9.769063949584961,65.1883316040039,1.0163055658340454
40600,473.15155029296875,465.309326171875,180.8345947265625,41.1968879699707,12.281754493713379,78.10441589355469,1.0167499780654907
40800,449.6637878417969,442.9482116699219,158.8223876953125,30.202375411987305,11.48939037322998,66.83805847167969,1.0162137746810913
41000,457.5921630859375,452.00714111328125,120.67388916015625,36.390254974365234,9.532156944274902,55.532100677490234,1.0172042846679688
41200,466.7855224609375,462.0679931640625,77.05354309082031,50.44791793823242,13.068632125854492,46.8567008972168,1.0196055173873901
41400,472.8280029296875,465.7657470703125,155.52792358398438,44.18712615966797,11.19808578491211,70.30438232421875,1.0190318822860718
41600,428.16015625,423.08978271484375,102.24639892578125,37.33025360107422,11.580036163330078,50.38556671142578,1.018600344657898
41800,502.09320068359375,495.1333312988281,150.16683959960938,46.08357238769531,11.591766357421875,69.28073120117188,1.0176485776901245
42000,436.5456848144531,431.2766418457031,110.48519897460938,31.523921966552734,15.108354568481445,52.372493743896484,1.0180273056030273
42200,477.56329345703125,472.3174743652344,112.23861694335938,33.56008529663086,10.618736267089844,52.13915252685547,1.0208238363265991
42400,493.2668762207031,486.1382141113281,160.50338745117188,39.20826721191406,13.191980361938477,70.96788024902344,1.019232988357544
42600,429.46484375,424.02972412109375,112.7800064086914,38.858787536621094,10.458438873291016,54.03240966796875,1.0205785036087036
42800,436.3638610839844,431.2890930175781,111.43360137939453,27.72562599182129,12.12978744506836,50.42967224121094,1.0179499387741089
43000,441.05694580078125,430.9333190917969,262.7254638671875,30.168350219726562,9.859857559204102,100.91789245605469,1.0188332796096802
43200,500.14373779296875,493.0775451660156,150.04917907714844,50.51063537597656,10.470283508300781,70.34336853027344,1.0193489789962769
43400,467.8047790527344,461.97332763671875,119.28510284423828,42.84150695800781,11.86141300201416,57.99601364135742,1.0194607973098755
43600,492.7627868652344,487.0309753417969,111.54635620117188,47.018009185791016,12.435089111328125,56.99981689453125,1.0187325477600098
43800,472.5753479003906,467.36187744140625,108.70838928222656,34.2297477722168,12.509943008422852,51.81603240966797,1.0195674896240234
44000,408.87188720703125,403.1160888671875,128.1298370361328,33.4620246887207,10.129343032836914,57.24040222167969,1.0169261693954468
44200,453.60247802734375,447.5775146484375,133.7342529296875,33.724395751953125,12.336877822875977,59.931846618652344,1.0165276527404785
44400,437.77630615234375,429.4887390136719,203.94125366210938,32.87602996826172,10.856929779052734,82.55807495117188,1.0167016983032227
44600,481.0735778808594,474.99664306640625,136.91012573242188,33.61209487915039,10.832585334777832,60.45159912109375,1.0168579816818237
44800,460.4927978515625,453.6864318847656,152.40170288085938,39.104164123535156,11.732008934020996,67.74595642089844,1.0162369012832642
45000,455.31268310546875,448.4707336425781,158.55996704101562,35.48024368286133,10.263036727905273,68.10108184814453,1.0182846784591675
45200,463.9671630859375,459.1041259765625,91.09571838378906,41.570560455322266,12.271431922912598,48.31257247924805,1.0170332193374634
45400,462.8173522949219,456.7974853515625,137.12240600585938,30.79300880432129,11.726247787475586,59.88055419921875,1.0178576707839966
45600,457.9356689453125,451.05426025390625,163.14031982421875,30.817523956298828,11.527746200561523,68.49519348144531,1.0207279920578003
45800,453.1064453125,447.57415771484375,122.48351287841797,27.3289794921875,15.201953887939453,55.004817962646484,1.017738938331604
46000,436.56658935546875,430.75933837890625,128.96566772460938,32.145240783691406,12.147972106933594,57.752960205078125,1.0223199129104614
46200,455.9885559082031,448.995849609375,159.14404296875,37.83332824707031,11.848712921142578,69.60869598388672,1.0182538032531738
46400,432.89739990234375,426.9337463378906,135.8406219482422,32.84004592895508,9.276270866394043,59.3189811706543,1.0165449380874634
46600,465.28106689453125,458.7139892578125,149.1814422607422,37.34428787231445,9.53087329864502,65.35220336914062,1.0196456909179688
46800,445.08587646484375,436.9056396484375,203.60317993164062,29.306840896606445,11.54630184173584,81.48544311523438,1.0147724151611328
47000,444.7430419921875,439.96575927734375,89.90631103515625,39.02284240722656,13.436720848083496,47.455291748046875,1.017052412033081
47200,459.4082946777344,454.3140869140625,104.62403869628906,35.397789001464844,11.850834846496582,50.62421798706055,1.0180094242095947
47400,487.4776611328125,479.8088684082031,174.51510620117188,40.8562126159668,13.736265182495117,76.36920166015625,1.0199494361877441
47600,495.41107177734375,489.810791015625,110.83543395996094,44.13467788696289,12.083584785461426,55.684566497802734,1.018567681312561
47800,488.18475341796875,482.34100341796875,126.25482940673828,35.5472297668457,12.55849838256836,58.12018966674805,1.0155935287475586
48000,439.8927001953125,433.42822265625,145.538330078125,35.17461013793945,12.266549110412598,64.32649993896484,1.018976092338562
48200,480.94256591796875,474.26007080078125,145.51315307617188,41.99204635620117,12.016855239868164,66.50735473632812,1.0168052911758423
48400,455.117919921875,450.0226745605469,102.41651153564453,37.654911041259766,11.831239700317383,50.63422393798828,1.0188065767288208
48600,483.525390625,476.91510009765625,150.45730590820312,36.13985061645508,10.757193565368652,65.78478240966797,1.0175975561141968
48800,468.8450622558594,462.9430236816406,129.63429260253906,34.418514251708984,12.053791046142578,58.70220184326172,1.0189194679260254
49000,507.70819091796875,501.43902587890625,123.03242492675781,49.05377197265625,15.03235149383545,62.37284851074219,1.0200515985488892
49200,458.9604187011719,452.86767578125,131.6024169921875,39.9877815246582,10.23801326751709,60.60940170288086,1.0174405574798584
49400,515.3427734375,509.6414794921875,116.74385070800781,39.87285232543945,13.468913078308105,56.69520568847656,1.0176678895950317
49600,481.1407165527344,473.69744873046875,166.8145751953125,43.54029846191406,11.986757278442383,74.11387634277344,1.0201855897903442
49800,461.9126892089844,456.54241943359375,109.25650787353516,37.305335998535156,13.591983795166016,53.38460922241211,1.0179294347763062
50000,516.9358520507812,510.1711730957031,153.03932189941406,37.54667282104492,11.400487899780273,67.32882690429688,1.0165364742279053
50200,479.6925048828125,474.5523376464844,92.20767211914062,48.26899719238281,12.777568817138672,51.084747314453125,1.014740228652954
50400,506.6734924316406,499.13653564453125,154.22946166992188,57.58518600463867,13.34024715423584,75.0516357421875,1.0176767110824585
50600,441.33184814453125,435.77886962890625,117.5766372680664,36.736717224121094,11.323866844177246,55.21240997314453,1.0157746076583862
50800,439.5664367675781,431.55682373046875,194.454345703125,34.44173812866211,10.438283920288086,79.77812194824219,1.0171104669570923
51000,431.9943542480469,426.1048889160156,127.36568450927734,38.996341705322266,9.368232727050781,58.576751708984375,1.0178507566452026
51200,459.6818542480469,452.1724548339844,177.73504638671875,36.32791519165039,10.263256072998047,74.77540588378906,1.0191200971603394
51400,482.0195007324219,475.2869873046875,152.00198364257812,38.19367599487305,10.825228691101074,67.00696563720703,1.0185257196426392
51600,451.4139404296875,445.3406982421875,136.05142211914062,33.812625885009766,11.376253128051758,60.41343307495117,1.0201442241668701
51800,465.79315185546875,459.0472412109375,158.2314453125,31.296810150146484,11.892820358276367,67.14036560058594,1.019152283668518
52000,495.83709716796875,489.85772705078125,130.5975341796875,37.045711517333984,10.783738136291504,59.47566223144531,1.0172077417373657
52200,473.9924621582031,468.1044006347656,135.2034912109375,29.24867057800293,11.23652458190918,58.562896728515625,1.0169098377227783
52400,487.7309265136719,480.4974670410156,156.73992919921875,44.64781951904297,14.660494804382324,72.01608276367188,1.019126296043396
52600,432.1845703125,426.8240051269531,112.74364471435547,34.12305450439453,12.996522903442383,53.287742614746094,1.0179632902145386
52800,432.731201171875,424.7265625,187.4129638671875,39.534549713134766,12.237703323364258,79.72840881347656,1.017114281654358
53000,489.054931640625,482.9362487792969,135.22357177734375,37.08924102783203,10.294126510620117,60.868980407714844,1.017593502998352
53200,442.52435302734375,438.18194580078125,90.61094665527344,28.56804084777832,10.138657569885254,43.10588073730469,1.0184587240219116
53400,503.78265380859375,497.48919677734375,121.16407775878906,54.50139236450195,12.181356430053711,62.61560821533203,1.0203393697738647
53600,459.40447998046875,453.48907470703125,130.39752197265625,36.020851135253906,10.090709686279297,58.836360931396484,1.0168694257736206
53800,516.8549194335938,510.40679931640625,147.032470703125,33.614810943603516,11.839111328125,64.1621322631836,1.0205137729644775
54000,464.7125549316406,459.8951416015625,96.16017150878906,35.439117431640625,11.968038558959961,47.85577392578125,1.0182710886001587
54200,470.76220703125,462.8309020996094,187.78501892089844,37.38371658325195,11.817757606506348,78.99549865722656,1.016875982284546
54400,473.0024719238281,468.4222106933594,78.43424224853516,46.324039459228516,11.694262504577637,45.48418426513672,1.0184606313705444
54600,450.2654113769531,445.594970703125,88.69955444335938,36.125823974609375,14.332157135009766,46.38584518432617,1.019852638244629
54800,444.1325988769531,439.442626953125,93.15716552734375,36.470977783203125,10.116594314575195,46.581581115722656,1.017754077911377
55000,454.57843017578125,448.98004150390625,123.89530181884766,31.43024253845215,11.672416687011719,55.665985107421875,1.0171892642974854
55200,483.32720947265625,478.09539794921875,109.65467071533203,34.99291229248047,11.350340843200684,51.99930953979492,1.0204417705535889
55400,435.42242431640625,425.931640625,235.90496826171875,36.856475830078125,11.009448051452637,94.59030151367188,1.0168631076812744
55600,414.328125,408.624267578125,127.88629913330078,30.084150314331055,12.192427635192871,56.7209587097168,1.0163949728012085
55800,511.3476257324219,506.186767578125,99.13554382324219,42.63133239746094,12.103303909301758,51.290061950683594,1.019092321395874
56000,496.64739990234375,490.5982666015625,135.12808227539062,33.44558334350586,11.943986892700195,60.17255401611328,1.020958423614502
56200,425.1198425292969,420.1770324707031,102.7453384399414,32.33993148803711,12.244532585144043,49.10993576049805,1.0189722776412964
56400,440.1404113769531,433.6788330078125,146.24595642089844,33.403839111328125,13.242965698242188,64.29759216308594,1.018417239189148
56600,458.0328674316406,452.0164794921875,127.93637084960938,40.21141815185547,11.3882417678833,59.8453483581543,1.0199165344238281
56800,453.6365051269531,449.197998046875,88.61671447753906,30.277572631835938,13.306519508361816,44.06693649291992,1.017913579940796
57000,521.54296875,515.3825073242188,141.63720703125,30.28583526611328,11.936702728271484,61.286582946777344,1.018082857131958
57200,445.20703125,437.1902770996094,197.151611328125,30.7431640625,11.655885696411133,79.8502197265625,1.016041874885559
57400,424.5707092285156,416.17926025390625,199.30575561523438,39.32080078125,12.165132522583008,83.59722900390625,1.0156382322311401
57600,465.880126953125,461.662841796875,75.97894287109375,37.16233444213867,12.420656204223633,41.853981018066406,1.0209319591522217
57800,483.4643859863281,478.4676818847656,101.52046203613281,33.49867248535156,13.926447868347168,49.648529052734375,1.0191521644592285
58000,541.3302612304688,536.0615844726562,104.32799530029297,39.56393814086914,13.2111234664917,52.3676872253418,1.0216213464736938
58200,494.8105773925781,489.2615661621094,108.38819885253906,42.13469314575195,14.99289321899414,55.17192840576172,1.018684983253479
58400,471.4664306640625,465.4998474121094,127.28655242919922,40.65456771850586,10.100658416748047,59.347259521484375,1.019924521446228
58600,488.2833251953125,481.79229736328125,138.0676727294922,41.31401443481445,14.391913414001465,64.59120178222656,1.0214078426361084
58800,489.41259765625,484.6241455078125,91.50384521484375,37.60475158691406,13.589265823364258,47.565956115722656,1.0196095705032349
59000,436.6287841796875,431.54400634765625,103.76461791992188,33.83028793334961,13.98949909210205,50.52813720703125,1.0221532583236694
59200,427.7489013671875,422.5094909667969,113.43672180175781,33.033287048339844,9.760498046875,52.07683563232422,1.0160424709320068
59400,489.738037109375,481.66436767578125,191.01943969726562,36.80449295043945,13.429165840148926,80.4177017211914,1.0202804803848267
59600,461.14324951171875,453.47161865234375,181.44357299804688,36.0335693359375,11.71827220916748,76.39847564697266,1.0161391496658325
59800,497.0697937011719,492.09088134765625,97.86174011230469,37.648643493652344,12.902342796325684,49.470909118652344,1.018784523010254
60000,437.503173828125,433.048095703125,84.74822998046875,34.33100509643555,13.618742942810059,44.232662200927734,1.0178890228271484
60200,458.6082458496094,452.5757141113281,135.48858642578125,31.568309783935547,12.964653968811035,60.00718688964844,1.017181634902954
60400,464.7017517089844,458.32421875,141.36245727539062,35.49148178100586,13.515515327453613,63.45648956298828,1.0204963684082031
60600,457.41070556640625,452.23919677734375,106.83668518066406,36.17033386230469,11.181123733520508,51.39604949951172,1.0209616422653198
60800,513.1773681640625,506.53155517578125,149.2335662841797,38.136322021484375,11.048542976379395,66.13948059082031,1.019183874130249
61000,468.80450439453125,463.4322814941406,111.15414428710938,37.145015716552734,11.912755012512207,53.40397262573242,1.0185781717300415
61200,469.2908630371094,464.8747253417969,77.89515686035156,39.01245880126953,14.620563507080078,43.84272766113281,1.0193157196044922
61400,451.6493225097656,446.3949279785156,103.87474060058594,36.85407257080078,15.949816703796387,52.22621154785156,1.016523838043213
61600,442.2605895996094,436.748779296875,113.01341247558594,32.35099792480469,19.033082962036133,54.799163818359375,1.0208719968795776
61800,475.69793701171875,470.1243591308594,120.3091049194336,35.13883590698242,10.805732727050781,55.41788864135742,1.017520785331726
62000,472.2488098144531,467.52239990234375,85.05465698242188,42.32731628417969,13.457676887512207,46.94654846191406,1.0169509649276733
62200,496.5257873535156,492.0028076171875,83.97149658203125,39.34557342529297,11.416657447814941,44.91124725341797,1.019949197769165
62400,464.8713073730469,458.6201171875,140.17245483398438,33.26092529296875,13.147509574890137,62.19363021850586,1.0182254314422607
62600,410.8427734375,403.0341796875,191.98818969726562,29.446250915527344,11.869665145874023,77.76803588867188,1.0178223848342896
62800,514.2976684570312,509.2706298828125,96.16780090332031,41.194053649902344,12.494366645812988,49.95207214355469,1.019311785697937
63000,470.1829833984375,463.2431640625,151.48220825195312,40.78155517578125,14.976236343383789,69.08000183105469,1.0183627605438232
63200,491.3353576660156,485.1507568359375,132.90597534179688,42.603431701660156,9.071465492248535,61.52695846557617,1.0206780433654785
63400,448.9617004394531,444.04974365234375,102.33250427246094,33.460296630859375,10.611533164978027,48.80144500732422,1.0172808170318604
63600,513.5735473632812,508.30694580078125,98.46783447265625,47.51599884033203,11.05627727508545,52.346702575683594,1.0218769311904907
63800,455.72662353515625,449.1572265625,145.19078063964844,35.987831115722656,14.947528839111328,65.37538146972656,1.0191508531570435
64000,529.3972778320312,524.0646362304688,102.95907592773438,40.698974609375,15.362730979919434,53.006927490234375,1.0206886529922485
64200,445.0908508300781,437.24554443359375,186.32406616210938,36.19481658935547,11.888276100158691,78.13572692871094,1.0153603553771973
64400,444.31536865234375,439.00701904296875,103.37539672851562,41.93125915527344,12.9918212890625,52.76615905761719,1.0157274007797241
64600,475.9544372558594,470.5843811035156,107.04707336425781,40.0374641418457,13.059581756591797,53.38137435913086,1.02121901512146
64800,453.6972351074219,447.12652587890625,138.86968994140625,42.24439239501953,15.051989555358887,65.38868713378906,1.0187634229660034
65000,492.2742614746094,485.43109130859375,152.33143615722656,38.623802185058594,13.383813858032227,68.11302185058594,1.0197068452835083
65200,492.11077880859375,486.1500244140625,98.00798034667969,59.42283630371094,20.436952590942383,59.28925704956055,1.0189627408981323
65400,505.3460388183594,498.6706237792969,143.91635131835938,41.472686767578125,13.917664527893066,66.4355697631836,1.0193150043487549
65600,487.9735107421875,481.7893981933594,123.89534759521484,46.145301818847656,14.527693748474121,61.52278137207031,1.0180995464324951
65800,460.28045654296875,454.9163818359375,111.78141784667969,35.971717834472656,12.214658737182617,53.322601318359375,1.0183120965957642
66000,434.56744384765625,428.86962890625,119.148681640625,38.97923278808594,11.851707458496094,56.659873962402344,1.018890380859375
66200,533.032470703125,527.7290649414062,88.4726333618164,51.52166748046875,18.149547576904297,52.71461486816406,1.0208638906478882
66400,503.69232177734375,498.93695068359375,79.924560546875,43.77975082397461,18.00193977355957,47.23542022705078,1.0182068347930908
66600,451.2027587890625,445.2727966308594,125.23738098144531,38.83710479736328,12.872283935546875,58.982261657714844,1.015709638595581
66800,446.2298583984375,440.2062683105469,132.1009979248047,36.577213287353516,11.075725555419922,59.9179801940918,1.01755690574646
67000,476.2344055175781,471.043701171875,98.71515655517578,43.63203430175781,12.42021369934082,51.58913803100586,1.0177274942398071
67200,422.2277526855469,416.74383544921875,119.06451416015625,32.29881286621094,12.198630332946777,54.520652770996094,1.019834280014038
67400,496.7512512207031,491.4598693847656,106.13465881347656,38.889793395996094,12.762293815612793,52.5955810546875,1.018692135810852
67600,440.17681884765625,432.56561279296875,183.7466583251953,31.368680953979492,12.267435073852539,75.79426574707031,1.01643967628479
67800,476.13690185546875,469.02532958984375,167.00619506835938,32.30173873901367,13.084043502807617,70.79733276367188,1.0188463926315308
68000,472.9812927246094,467.6865539550781,105.66743469238281,40.13857650756836,12.08104133605957,52.62902069091797,1.0187076330184937
68200,506.27392578125,500.5254211425781,111.77152252197266,46.1325798034668,13.593475341796875,57.16585922241211,1.0215200185775757
68400,442.23675537109375,437.9654541015625,78.64338684082031,35.97244644165039,12.567237854003906,42.39435577392578,1.0194040536880493
68600,494.88433837890625,488.94549560546875,127.19315338134766,37.10211181640625,12.913904190063477,59.069725036621094,1.0192933082580566
68800,451.7094421386719,446.864013671875,100.262939453125,29.285642623901367,14.860610008239746,48.13639831542969,1.0171643495559692
69000,501.58367919921875,495.82318115234375,114.68379211425781,39.88807678222656,17.28437614440918,57.28541564941406,1.0219749212265015
69200,487.8374328613281,482.7124938964844,104.89585876464844,35.32452392578125,12.571952819824219,50.93077850341797,1.0192444324493408
69400,428.6053771972656,422.62261962890625,132.21600341796875,33.87439727783203,12.439652442932129,59.51001739501953,1.016697645187378
69600,492.78448486328125,486.4078063964844,129.05406188964844,44.36477279663086,16.927642822265625,63.448829650878906,1.0175985097885132
69800,463.84686279296875,457.77838134765625,134.85394287109375,34.997196197509766,11.250144004821777,60.36709213256836,1.0163633823394775
70000,415.155029296875,410.7537536621094,84.9041748046875,34.46708679199219,11.712306022644043,43.69452667236328,1.018518090248108
70200,472.1275329589844,466.39837646484375,119.98921203613281,38.35227584838867,12.577189445495605,56.972896575927734,1.0199666023254395
70400,432.52630615234375,427.1689453125,118.45803833007812,29.139644622802734,12.170635223388672,53.25611114501953,1.0155301094055176
70600,486.3967590332031,480.10748291015625,137.30364990234375,37.35021209716797,13.069761276245117,62.574546813964844,1.018689751625061
70800,535.8134155273438,529.05419921875,147.88638305664062,37.855926513671875,16.076663970947266,67.27299499511719,1.0222409963607788
71000,486.2890319824219,480.0624694824219,126.29351806640625,45.50578689575195,14.04403018951416,61.94778060913086,1.0173107385635376
71200,446.2384948730469,439.36065673828125,160.43936157226562,31.48561668395996,13.455430030822754,68.46013641357422,1.0188959836959839
71400,482.32232666015625,473.64764404296875,208.19351196289062,39.75281524658203,11.33749771118164,86.42794036865234,1.0207422971725464
71600,476.8879089355469,469.2332763671875,162.75192260742188,53.990909576416016,11.941225051879883,76.22801971435547,1.018739104270935
71800,466.6721496582031,461.08038330078125,118.50181579589844,34.83079528808594,13.466484069824219,55.599700927734375,1.0179495811462402
72000,458.8168029785156,450.57977294921875,200.6400146484375,34.80702209472656,10.707508087158203,82.051513671875,1.0203125476837158
72200,482.0430603027344,476.0483093261719,132.55007934570312,33.456424713134766,12.879149436950684,59.6285514831543,1.0204931497573853
72400,430.77789306640625,426.641357421875,71.391357421875,38.61106872558594,13.140334129333496,41.04758834838867,1.0167572498321533
72600,465.6595153808594,460.26580810546875,117.54354858398438,31.23467254638672,12.078780174255371,53.61900329589844,1.0179471969604492
72800,464.3329772949219,456.4835205078125,186.73193359375,35.83158874511719,11.967853546142578,78.1771240234375,1.0155646800994873
73000,437.3608093261719,432.1318359375,106.00987243652344,37.74364471435547,12.163490295410156,51.97233200073242,1.0152605772018433
73200,440.1114807128906,434.6512145996094,117.85084533691406,33.258216857910156,11.746888160705566,54.28532028198242,1.0160099267959595
73400,495.00579833984375,487.4369812011719,161.04159545898438,43.300106048583984,21.76766586303711,75.36979675292969,1.0186470746994019
73600,481.8332824707031,476.7134094238281,109.96929931640625,30.595190048217773,12.076432228088379,50.880306243896484,1.0181739330291748
73800,485.5514831542969,479.8359375,111.16215515136719,45.30592346191406,14.042567253112793,56.836883544921875,1.019487977027893
74000,415.1148986816406,410.6339416503906,92.99882507324219,27.730484008789062,12.743556022644043,44.49095916748047,1.019572377204895
74200,470.82684326171875,465.955322265625,97.6641845703125,35.712833404541016,11.812666893005371,48.39656066894531,1.0198028087615967
74400,461.314697265625,453.2473449707031,189.03228759765625,38.38990783691406,13.643538475036621,80.3552474975586,1.0183799266815186
74600,464.9621276855469,459.4393310546875,108.26675415039062,44.8715705871582,11.590660095214844,54.90966033935547,1.0180740356445312
74800,457.96759033203125,450.4576416015625,174.82012939453125,38.30800247192383,11.215391159057617,74.78117370605469,1.0185612440109253
75000,460.0481872558594,453.3062744140625,148.19618225097656,37.55019760131836,15.558568000793457,67.10165405273438,1.015472173690796
75200,412.90960693359375,407.2422790527344,116.45286560058594,39.4381217956543,13.173151016235352,56.35471725463867,1.0191255807876587
75400,468.8120422363281,462.905029296875,126.15658569335938,36.459537506103516,13.639307975769043,58.75181198120117,1.0187164545059204
75600,481.42547607421875,476.69189453125,89.06086730957031,41.373863220214844,10.61863899230957,47.01778793334961,1.017482042312622
75800,484.2403564453125,478.5611572265625,107.7447509765625,46.79753494262695,14.877728462219238,56.47333908081055,1.0194177627563477
76000,435.66534423828125,429.60931396484375,137.52154541015625,31.190946578979492,12.01325511932373,60.241920471191406,1.018110990524292
76200,473.4950866699219,468.0540771484375,111.4743881225586,33.35832977294922,17.442811965942383,54.09184265136719,1.0188751220703125
76400,483.04986572265625,476.68890380859375,124.53407287597656,50.170555114746094,15.169904708862305,63.29151153564453,1.0176059007644653
76600,440.4976806640625,433.896484375,143.28671264648438,38.90886306762695,15.840481758117676,66.01202392578125,0.0
76800,464.0462341308594,458.24713134765625,128.16685485839844,31.390039443969727,13.461273193359375,57.672725677490234,1.018768072128296
77000,478.4373474121094,472.4533996582031,117.37220764160156,44.867652893066406,16.325878143310547,59.52191925048828,1.016357183456421
77200,437.5101318359375,431.4035949707031,131.3366241455078,39.34513473510742,11.56013011932373,60.74729919433594,1.017909049987793
77400,457.41644287109375,450.8460998535156,147.63296508789062,36.169124603271484,12.352933883666992,65.385009765625,1.0185073614120483
77600,446.5940856933594,440.2110900878906,139.92190551757812,37.63004684448242,12.982640266418457,63.511531829833984,1.0183988809585571
77800,461.9808044433594,455.67755126953125,141.63197326660156,34.71453094482422,11.79688835144043,62.71446228027344,1.017791748046875
78000,509.4034423828125,501.78265380859375,155.07730102539062,51.193355560302734,21.395565032958984,75.88874816894531,1.0213311910629272
78200,499.683349609375,493.9408874511719,120.0244140625,38.4813232421875,12.813236236572266,57.1063232421875,1.0185749530792236
78400,432.46826171875,425.2145690917969,172.90689086914062,32.77090835571289,10.978253364562988,72.21868896484375,1.018149971961975
78600,439.81878662109375,434.7038269042969,105.61972045898438,34.4918212890625,12.386289596557617,50.832611083984375,1.0149388313293457
78800,492.4531555175781,487.122802734375,97.49710083007812,45.82048034667969,15.63844108581543,52.98534393310547,1.018650770187378
79000,430.2253723144531,425.5857849121094,89.92604064941406,36.15135192871094,12.155006408691406,46.07746505737305,1.0181134939193726
79200,411.3473205566406,404.1436462402344,172.79043579101562,29.360231399536133,13.003701210021973,71.71812438964844,1.019187092781067
79400,429.67938232421875,425.6248779296875,75.42506408691406,32.14216995239258,13.113797187805176,40.227012634277344,1.017540454864502
79600,442.5687255859375,437.07232666015625,112.56840515136719,37.81903076171875,13.54965591430664,54.64569854736328,1.0187650918960571
79800,501.1201171875,494.49334716796875,130.90765380859375,53.109031677246094,13.83166790008545,65.94945526123047,1.0188161134719849
80000,418.88043212890625,414.7793273925781,77.30313110351562,31.536102294921875,13.240440368652344,40.6932258605957,1.017012596130371
80200,474.28076171875,468.8747863769531,108.46734619140625,40.67510986328125,12.078930854797363,53.74046325683594,1.0211036205291748
80400,435.076416015625,429.32672119140625,120.41077423095703,35.98172378540039,15.14429759979248,57.17893600463867,1.0175153017044067
80600,449.60235595703125,444.93389892578125,84.36151123046875,37.49661636352539,17.240833282470703,46.36631774902344,1.0185092687606812
80800,444.06292724609375,438.0577392578125,133.72833251953125,33.814945220947266,11.658510208129883,59.73392868041992,1.0177124738693237
81000,500.19580078125,495.2979736328125,95.70075988769531,37.929630279541016,12.348769187927246,48.65972137451172,1.0197207927703857
81200,432.5191650390625,427.302490234375,101.22140502929688,39.11735534667969,15.205413818359375,51.848060607910156,1.0190831422805786
81400,473.2305908203125,467.97100830078125,104.59844970703125,38.05816650390625,14.178370475769043,52.2783317565918,1.0153720378875732
81600,537.3768920898438,531.3013916015625,119.96340942382812,45.135772705078125,16.210233688354492,60.43647384643555,1.0188122987747192
81800,494.801513671875,488.8258361816406,115.3875961303711,50.665260314941406,12.262691497802734,59.43851852416992,1.0187556743621826
82000,423.5193176269531,417.8555603027344,124.8166732788086,30.064287185668945,14.07982063293457,56.32026290893555,1.0154516696929932
82200,456.60760498046875,450.3988952636719,132.2206573486328,42.56928634643555,10.518237113952637,61.76939392089844,1.0169230699539185
82400,423.2757263183594,415.8949890136719,174.9241943359375,35.01652526855469,10.527742385864258,73.48948669433594,1.017346739768982
82600,420.2189025878906,413.828369140625,136.91531372070312,38.27556610107422,15.571127891540527,63.587337493896484,1.017546534538269
82800,440.15972900390625,433.6311950683594,146.34841918945312,34.19499969482422,14.358177185058594,64.96720886230469,1.0179734230041504
83000,443.1839599609375,437.8031921386719,105.43667602539062,40.78982925415039,14.24329948425293,53.48993682861328,1.0166099071502686
83200,508.38861083984375,503.1224670410156,99.57661437988281,38.172794342041016,19.282140731811523,52.343849182128906,1.0165232419967651
83400,455.31475830078125,447.2345886230469,189.3719482421875,38.685028076171875,13.396013259887695,80.48432922363281,1.0160804986953735
83600,493.9077453613281,486.41888427734375,174.79269409179688,36.85825729370117,12.061591148376465,74.57084655761719,1.0162220001220703
83800,477.9320983886719,472.4390563964844,114.4178237915039,38.576324462890625,10.839914321899414,54.61135482788086,1.0214488506317139
84000,478.89727783203125,472.44891357421875,140.45321655273438,38.03288650512695,14.011625289916992,64.16590881347656,1.0167737007141113
84200,480.57769775390625,472.210693359375,200.54347229003906,34.77619552612305,14.73587703704834,83.35185241699219,1.0189274549484253
84400,448.9560852050781,443.5736999511719,116.4591064453125,32.898101806640625,11.1594877243042,53.50556564331055,1.0189749002456665
84600,460.0429992675781,454.59820556640625,103.2144546508789,46.861595153808594,12.312434196472168,54.12949752807617,1.0187933444976807
84800,456.7401123046875,449.9344482421875,151.85885620117188,38.46017837524414,12.897300720214844,67.73878479003906,1.0176923274993896
85000,466.21893310546875,460.868896484375,111.53890991210938,36.38227844238281,11.624919891357422,53.182037353515625,1.0184695720672607
85200,495.0780029296875,489.58135986328125,114.80897521972656,35.486629486083984,13.646985054016113,54.64753341674805,1.0202521085739136
85400,459.60296630859375,453.86968994140625,119.80915069580078,37.98527145385742,13.247889518737793,57.01410675048828,1.0191667079925537
85600,444.8457946777344,439.3660888671875,110.90263366699219,39.28574752807617,13.248111724853516,54.47883224487305,1.0184506177902222
85800,441.94769287109375,435.9150390625,130.10049438476562,37.83897018432617,12.086201667785645,60.0085563659668,1.0177029371261597
86000,508.17926025390625,503.25543212890625,96.77476501464844,36.14885330200195,13.838555335998535,48.92072677612305,1.0169757604599
86200,471.3822021484375,466.465576171875,100.30169677734375,34.80836868286133,11.432246208190918,48.84743881225586,1.0205498933792114
86400,493.2829895019531,488.13287353515625,98.36946105957031,40.317726135253906,14.86058521270752,51.182594299316406,1.0190602540969849
86600,444.5223083496094,437.87274169921875,144.25518798828125,41.585784912109375,12.693623542785645,66.1781997680664,1.016054630279541
86800,464.6664733886719,459.2281188964844,108.29653930664062,41.66019058227539,12.24033260345459,54.0656852722168,1.0172256231307983
87000,448.87481689453125,442.43231201171875,139.068359375,41.208675384521484,12.041471481323242,64.10617065429688,1.0203752517700195
87200,454.1583557128906,448.51611328125,99.51469421386719,50.04075622558594,18.756229400634766,56.1038932800293,1.0198642015457153
87400,473.9292907714844,468.96441650390625,89.06905364990234,41.921234130859375,17.000537872314453,49.33027648925781,1.0193763971328735
87600,483.624267578125,476.36712646484375,158.435302734375,45.155303955078125,13.164827346801758,72.25181579589844,1.0229326486587524
87800,416.1684875488281,409.1588134765625,158.77288818359375,39.490447998046875,11.0737886428833,69.77904510498047,1.0169262886047363
88000,447.6173400878906,440.7717590332031,151.597412109375,39.104522705078125,13.708444595336914,68.13679504394531,1.0203005075454712
88200,437.9400939941406,433.5263366699219,78.75714874267578,38.40177536010742,14.297801971435547,43.81890869140625,1.0192890167236328
88400,495.2466125488281,488.4403991699219,148.04737854003906,42.249778747558594,12.930415153503418,67.74252319335938,1.0225441455841064
88600,477.49224853515625,470.98968505859375,134.3880615234375,44.53582000732422,15.197367668151855,64.70709228515625,1.0192021131515503
88800,436.0874328613281,431.1732482910156,89.32069396972656,43.42504119873047,13.721092224121094,48.8222770690918,1.0226194858551025
89000,461.97064208984375,455.5724792480469,131.25755310058594,45.66061782836914,14.074607849121094,63.66425704956055,1.0159764289855957
89200,485.53668212890625,479.9446105957031,109.03909301757812,38.55415725708008,19.212818145751953,55.602020263671875,1.0191386938095093
89400,436.8731689453125,432.51226806640625,86.1673812866211,29.45026397705078,14.254497528076172,43.29071807861328,1.0189229249954224
89600,482.2591552734375,477.32513427734375,95.20362091064453,38.683319091796875,13.179839134216309,49.02225875854492,1.017142653465271
89800,465.4315490722656,458.5391540527344,147.5750274658203,44.889671325683594,13.354490280151367,68.60639953613281,1.0165276527404785
90000,427.6351318359375,421.8134460449219,111.54739379882812,47.08000183105469,15.071526527404785,57.89964294433594,1.0144747495651245
90200,487.96319580078125,482.3301696777344,120.14947509765625,33.870365142822266,14.014667510986328,56.01150131225586,1.0203790664672852
90400,438.6373291015625,432.6455078125,130.35137939453125,37.362464904785156,11.087013244628906,59.60028076171875,1.0174741744995117
90600,438.0032958984375,433.3514404296875,87.76436614990234,38.053096771240234,12.78390121459961,46.20045471191406,1.0179309844970703
90800,478.6768798828125,472.53240966796875,122.98377227783203,46.5506477355957,13.843148231506348,61.12586212158203,1.020108938217163
91000,466.6009521484375,460.2634582519531,136.63363647460938,39.729820251464844,12.807250022888184,63.056907653808594,1.0171419382095337
91200,442.1916198730469,437.0329895019531,110.6185073852539,31.091556549072266,12.08898639678955,51.266353607177734,1.0232077836990356
91400,441.06927490234375,434.8583068847656,132.7216033935547,40.43003845214844,12.222983360290527,61.791542053222656,1.0171806812286377
91600,435.28271484375,429.1505432128906,131.69874572753906,40.047882080078125,11.262442588806152,61.003021240234375,1.0195586681365967
91800,437.6521911621094,433.1658935546875,72.05986022949219,43.915767669677734,17.659433364868164,44.54502487182617,1.017313838005066
92000,422.9749450683594,416.8502502441406,131.14601135253906,36.474693298339844,15.16874885559082,60.92981719970703,1.015034794807434
92200,467.1634216308594,460.7414245605469,146.01800537109375,31.855876922607422,13.831921577453613,63.901939392089844,1.017715334892273
92400,426.74822998046875,421.5120849609375,112.65413665771484,31.017221450805664,12.458035469055176,52.04313278198242,1.018376111984253
92600,448.64434814453125,443.17236328125,115.08687591552734,35.35396957397461,12.765477180480957,54.40210723876953,1.0170767307281494
92800,509.1561279296875,503.2439270019531,112.65044403076172,45.74980545043945,18.01130485534668,58.803855895996094,1.0182735919952393
93000,439.41845703125,432.6837463378906,149.78073120117188,38.888343811035156,12.41866683959961,67.02925109863281,1.017196536064148
93200,431.5151062011719,425.130615234375,140.7686309814453,37.26572036743164,12.548413276672363,63.527587890625,1.0153424739837646
93400,451.1255187988281,445.1460876464844,126.07984924316406,35.758819580078125,16.589344024658203,59.47600555419922,1.01882004737854
93600,441.4775390625,435.7095947265625,126.53390502929688,33.371036529541016,12.175732612609863,57.360225677490234,1.0216436386108398
93800,461.4420471191406,455.218994140625,128.38836669921875,42.398040771484375,14.952030181884766,61.912811279296875,1.0163654088974
94000,449.21246337890625,444.35791015625,92.0818862915039,38.18067169189453,14.419269561767578,48.22727584838867,1.0189050436019897
94200,513.8615112304688,507.0077209472656,155.88653564453125,35.14801025390625,13.622916221618652,68.21915435791016,1.020151138305664
94400,474.3980407714844,468.5559997558594,122.00605773925781,39.35060119628906,12.949227333068848,58.101966857910156,1.018757939338684
94600,444.80718994140625,439.56170654296875,107.56015014648438,37.89213943481445,10.95991325378418,52.13740158081055,1.015357255935669
94800,477.5643615722656,470.8946533203125,129.2161102294922,55.13187026977539,14.790510177612305,66.37950134277344,1.0164833068847656
95000,454.42645263671875,448.370361328125,128.53097534179688,39.40713882446289,12.787762641906738,60.24195861816406,1.0203379392623901
95200,420.7244567871094,415.49615478515625,108.74762725830078,36.25843811035156,10.889192581176758,51.965087890625,1.0174330472946167
95400,482.2710876464844,477.82843017578125,69.12031555175781,47.1916389465332,16.011537551879883,44.10783004760742,1.0197241306304932
95600,458.92730712890625,451.3001403808594,177.65457153320312,37.69678497314453,12.508867263793945,75.95340728759766,1.018800973892212
95800,461.6456298828125,453.6906433105469,172.42388916015625,48.75705337524414,16.51428985595703,79.23174285888672,1.0178052186965942
96000,465.5653381347656,458.691162109375,151.0191650390625,39.94702911376953,14.304187774658203,68.4234619140625,1.018941044807434
96200,432.44378662109375,426.51385498046875,121.65019226074219,40.83159255981445,14.46338176727295,58.981719970703125,1.0169590711593628
96400,422.56878662109375,418.16448974609375,82.46142578125,34.4759521484375,14.237455368041992,43.724945068359375,1.0173680782318115
96600,450.2388000488281,444.97027587890625,100.04547882080078,42.48297119140625,14.569381713867188,52.365943908691406,1.0219298601150513
96800,443.515869140625,437.261962890625,135.46826171875,38.8723258972168,12.321783065795898,62.22079086303711,1.018629789352417
97000,446.2875061035156,438.9583740234375,165.87640380859375,38.56160354614258,14.480294227600098,72.97277069091797,1.0197399854660034
97200,467.7712707519531,460.48040771484375,164.14501953125,38.89176559448242,14.734901428222656,72.59056854248047,1.0172945261001587
97400,441.4078063964844,435.29058837890625,131.61544799804688,40.10212707519531,10.845788955688477,60.85445785522461,1.0167092084884644
97600,511.8537902832031,506.6180725097656,99.92153930664062,41.66885757446289,14.522202491760254,52.037532806396484,1.0224192142486572
97800,437.4455261230469,432.5782470703125,97.84345245361328,34.18401336669922,13.0357084274292,48.354393005371094,1.0182409286499023
98000,490.8584899902344,485.28466796875,103.4665756225586,47.91227722167969,14.879947662353516,55.41959762573242,1.019715428352356
98200,439.3167724609375,434.13623046875,107.9976806640625,35.64712142944336,10.81556224822998,51.486793518066406,1.0196425914764404
98400,443.39556884765625,438.2750549316406,105.05564880371094,32.96702194213867,14.637831687927246,50.886837005615234,1.018758773803711
98600,444.5206604003906,436.70782470703125,188.24188232421875,33.99596405029297,11.193578720092773,77.81047821044922,1.0177959203720093
98800,423.39105224609375,415.0672912597656,206.72036743164062,30.451406478881836,11.58682632446289,82.9195327758789,1.0174366235733032
99000,472.37969970703125,466.32196044921875,124.19248962402344,42.024024963378906,14.558669090270996,60.258399963378906,1.020250916481018
99200,435.50592041015625,429.5521545410156,123.90596008300781,40.79868698120117,12.953883171081543,59.219512939453125,1.018451452255249
99400,437.5293273925781,430.59808349609375,156.46932983398438,36.78707504272461,13.728069305419922,68.99482727050781,1.0162590742111206
99600,435.70611572265625,430.8882751464844,93.10980224609375,34.750423431396484,15.721870422363281,47.86069869995117,1.0161503553390503
99800,481.4905090332031,475.56524658203125,123.30537414550781,40.04532241821289,13.452256202697754,58.93431854248047,1.0188618898391724
